ID;Titre;Chapô;Date;Section
FS001;Etats-Unis - Le rapport sénatorial de Ron Johnson dénonce l’opacité des agences de santé américaines sur les risques des vaccins covid-19 ;Un rapport intérimaire publié le 21 mai 2025 par le sénateur Ron Johnson, président de la sous-commission permanente d’enquête du Sénat américain (PSI), met en lumière...;21 mai 2025 - 19:30;Politique
FS002;L'obésité infantile progresse et Macron évite le sujet de l'agro-industrie ;Le 13 mai, Emmanuel Macron a répondu aux questions de l’influenceur Tibo InShape sur TF1 à propos du surpoids des jeunes Français. Selon lui, il faut faire du sport et...;21 mai 2025 - 19:20;Société
FS003;Robert F. Kennedy Jr. à l'OMS : une critique aiguë et un appel à la réforme ;Alors que l'accord pandémique est en pleine discussion et a été voté à l'Organisation Mondiale de la Santé (OMS), Robert F. Kennedy Jr., Secrétaire à la Santé et aux S...;21 mai 2025 - 17:46;Politique
FS004;Facturation des bagages à main : sept compagnies aériennes dans le viseur d'associations ;Une quinzaine d'associations européennes, dont l'UFC-Que choisir et CLCV pour la France, ont demandé à la Commission européenne de lancer une enquête à l'échelle de l'...;21 mai 2025 - 16:20;Société
FS005;Contrôleurs RATP, policiers : quand les logiques de rentabilité dictent la répression ciblée ;Sous couvert de lutte contre la fraude ou d’application de la loi, une même logique semble s’imposer partout en France : cibler ceux qui paieront sans discuter, qui ne...;21 mai 2025 - 14:48;Société
FS006;L’aide médicale à mourir signe la fin de la fonction soignante des médecins (partie II) ;Suite de la partie 1 de la tribune d'Hélène Strohl -Dans sa revue en ligne, Raison sensible le journaliste scientifique Brice Perrier, créateur de cette intéressante r...;21 mai 2025 - 11:50;Opinions
FS007;Face à l’Iran, Londres et Paris s’enlisent, Washington obtient des avancées ;De l’Ukraine au Moyen-Orient, l’Europe peine à faire entendre sa voix face aux grandes puissances. Après avoir échoué à dissuader la Russie de Vladimir Poutine d’envah...;21 mai 2025 - 09:10;Politique
FS008;Soleil Vert 2.0 : quand la réalité frôle la fiction ;La réalité est-elle en train de rejoindre, voire de dépasser, la dystopie du film Soleil Vert ? Le projet de loi français sur la fin de vie, en cours de discussion, so...;21 mai 2025 - 09:00;Opinions
FS009;Un constructeur de bus à hydrogène français acheté par un groupe chinois ;C’est (encore) une page de l’industrie française qui se tourne. Le 14 mai, le tribunal de commerce a tranché : ce n’est pas l’offre française mais celle du groupe chin...;20 mai 2025 - 19:40;Société
FS010;Sophie Primas prédit que la fin du macronisme approche à grands pas ;"""Le macronisme probablement trouvera une fin dans les mois qui viennent"". Ce n'est pas un vœu, mais une prédiction de Sophie Primas, porte-parole du gouvernement et me...";20 mai 2025 - 19:30;Politique
FS011;"Les prêts garantis par l'État, pour Montebourg ""une machine à tuer les entreprises"" ";Arnaud Montebourg a estimé ce mardi, c'est un peu tard, mais c'est mieux que rien, que les prêts garantis par l'État (PGE), aide accordée aux entreprises durant la pan...;20 mai 2025 - 19:06;Politique
FS012;L'Otan va disposer d'un QG aérien dans l'Arctique norvégien ;OTAN en emporte le vent, risque la tempête...?La Norvège a choisi la ville de Bodø, sur la côte ouest du pays, au-dessus du cercle polaire arctique, pour accueillir de...;20 mai 2025 - 14:45;Politique
FS013;L’aide médicale à mourir signe la fin de la fonction soignante des médecins ;"Commençons par une histoire : mon ami P. souffrait d’un cancer depuis longtemps, brusquement aggravé ; suivi dans un des deux meilleurs centres parisiens, il a bénéfic...";20 mai 2025 - 12:00;Opinions
FS014;À Rome, Giorgia Meloni réunit JD Vance et Ursula von der Leyen pour discuter de la guerre commerciale ;Giorgia Meloni réussit son coup. A l’occasion de la cérémonie d’investiture du pape Léon XIV à Rome, le vice-président américain, JD Vance, a rencontré la présidente d...;20 mai 2025 - 09:58;Politique
FS015;Paris : plus de 30 ans après, le buste de la tombe de Jim Morrison retrouvé par hasard ;Le buste de Jim Morrison, volé en 1988 au cimetière parisien du Père-Lachaise, a été retrouvé par hasard, a annoncé la police sur ses réseaux sociaux.L'imposante sculp...;19 mai 2025 - 17:04;Culture
FS016;Guerre et commerce des armes : quand la mort des uns fait la fortune des autres ;Entre 2020 et 2024, les États-Unis, premier pays exportateur d’armes au monde, représentaient 43 % du marché, très loin devant la France (9,6 %), la Russie (7,8 %), la...;19 mai 2025 - 16:42;Opinions
FS017;Triple scrutin en Europe : tensions, recompositions et percées nationalistes ;Jour de vote en Europe dimanche 18 mai 2025. Trois pays de l’Union européenne, la Pologne, le Portugal et la Roumanie, doivent élire un président et un Premier ministr...;19 mai 2025 - 16:00;Politique
FS018;"Une commission d'enquête accuse l'État de ""dissimulation », dans le scandale des eaux minérales ";"Le scandale du traitement illégal des eaux minérales en France, touchant notamment le géant agroalimentaire Nestlé Waters, a fait l'objet d'une ""dissimulation par l'Ét...";19 mai 2025 - 13:29;Société
FS019;L'Assemblée adopte un moratoire pour geler la fermeture des maternités ;Jeudi 16 mai, l’Assemblée nationale a adopté en première lecture un moratoire de trois ans sur la fermeture des maternités. Une réponse d’urgence à la hausse inquiétan...;19 mai 2025 - 12:15;Société
FS020;Sécurité sociale : 6,3 milliards d'euros d’erreurs relevés par la Cour des comptes ;Les comptes ne sont pas bons... 6,3 milliards d’euros d’erreurs dans les comptes de la branche famille de la Sécurité sociale, relevés fin 2024, ont poussé la Cour des...;19 mai 2025 - 11:35;Société
FS021;Les Légendes dévoilées : les coulisses des mythes qui nous gouvernent - Partie II ;Dans la première partie, sur les coulisses des mythes qui nous gouvernent, nous avons abordé les légendes, les processus et les rouages associés ainsi que les raisons ...;19 mai 2025 - 10:23;Société
FS022;"""Vive la liberté !"", célèbre le journaliste ex-détenu en Turquie à son retour en Suède ";"Détenu sept semaines en Turquie et condamné pour ""insulte"" au président turc Recep Tayyip Erdogan, le journaliste suédois Joakim Medin a célébré samedi sa liberté, que...";18 mai 2025 - 19:00;Culture
FS023;Les Légendes dévoilées : les coulisses des mythes qui nous gouvernent - Partie I ;IntroductionParis, novembre 2015. Dans une salle obscure, Éric Rochant, créateur de la série « Le Bureau des légendes », scrute les rushes d’un épisode où un agent de ...;18 mai 2025 - 10:23;Société
FS024;Chlordécone, comme une peau de banane pour l'État, qui se pourvoit devant le Conseil d'État contre sa condamnation ;L'État a formé un pourvoi contre la décision de la cour administrative d'appel de Paris qui avait reconnu sa responsabilité dans le scandale du chlordécone aux Antille...;18 mai 2025 - 09:40;Société
FS025;Vaccins Covid : le choc de la réforme Trump secoue la santé publique ;Sous la nouvelle administration de Donald Trump, le Département américain de la Santé et des Services sociaux (HHS), dirigé par Robert F. Kennedy Jr., envisagerait de ...;17 mai 2025 - 12:10;Société
FS026;Covid 19 : la filière allemande ;Les États-Unis ont bien sûr joué un rôle central avec l’OMS dans la gestion de la crise du Covid : Leurs autorités ont donné le la, qu’il s’agisse du gouvernement (adm...;17 mai 2025 - 10:00;Opinions
FS027;Pierre Noizat sur BFM TV : Une analyse sans langue de bois après la tentative d’enlèvement de sa fille ;Le 16 mai 2025, Pierre Noizat, PDG de Paymium, une plateforme d’échange de cryptomonnaies fondée en 2011, a été invité sur le plateau de BFM TV pour une interview de 3...;16 mai 2025 - 21:13;Politique
FS028;Deux pharmaciens sanctionnés pour avoir vendu des médicaments à l'unité ;Rendre des comptes pour avoir soigné, une chanson qui commence à se répéter... En Corrèze, deux pharmaciens ont été sanctionnés par l’Ordre régional pour avoir vendu d...;16 mai 2025 - 18:10;Société
FS029;Allemagne : la surveillance de l’AfD suspendue sous pression internationale ;Washington tord le bras de Berlin concernant le parti AFD !Le 9 mai 2025, l’Office Fédéral pour la Protection de la Constitution (BFV) en Allemagne a pris une décision...;16 mai 2025 - 17:08;Opinions
FS030;MKUltra and Modern Frameworks : From the Secrets of a CIA Mind Control Program to Information Control Tools ;From 1953 to 1973, the CIA's MKUltra project explored the far reaches of mind control, leaving a legacy of trauma and controversy. This secret program, which used drug...;16 mai 2025 - 16:43;Société
FS031;MKUltra et frameworks modernes : Des secrets d’un programme de manipulation mentale de la CIA aux outils de contrôle de l’information ;De 1953 à 1973, le projet MKUltra de la CIA a exploré les confins de la manipulation mentale, laissant un héritage de traumatismes et de controverses. Ce programme sec...;16 mai 2025 - 16:30;Société
FS032;"""Petite fille au napalm"" : World Press Photo suspend le crédit de la photo ";"Le concours World Press Photo a annoncé vendredi qu'il suspendait l'attribution du crédit pour l' de la ""petite fille au napalm"", l'un des clichés les plus emblém...";16 mai 2025 - 15:13;Culture
FS033;La Floride interdit à son tour l'ajout de fluor dans l'eau potable ;La Floride, troisième État le plus peuplé des États-Unis, interdit à son tour l'ajout de fluor dans l'eau potable, une pratique très décriée, mais fort répandue outre ...;16 mai 2025 - 14:03;Société
FS034;Audience en appel de Natacha Rey et Delphine Jégousse : un procès sous tension face à Brigitte Macron et Jean-Michel Trogneux ;Les 14 et 15 mai 2025, la Cour d’appel de Paris a examiné l’appel de Natacha Rey et Delphine Jégousse, poursuivies pour diffamation par Brigitte Macron, née Trogneux, ...;16 mai 2025 - 12:00;Société
FS035;Louer des places de prison à l’étranger : plus de problèmes que de solutions ? ;Confrontée à une surpopulation carcérale record, la France envisage de s’inspirer de ses voisins européens pour régler le problème. Lors de son interview sur TF1 mardi...;16 mai 2025 - 09:45;Société
FS036;Quand la colère paysanne dérange le pouvoir, la Coordination Rurale est le syndicat qu'il faut faire taire ;La Coordination Rurale, c'est celle qui fait mal, celle qui met en danger la toute puissante FNSEA bien ligotée par le pouvoir en place, avec un président qui fréquent...;16 mai 2025 - 00:01;Société
FS037;Sarkozy condamné, décoré, libéré : la morale en détention provisoire ;Fini, plus de bracelet aux chevilles pour Nicolas : l'ancien président de la République N. Sarkozy a été admis au régime de la libération conditionnelle et s'est vu re...;15 mai 2025 - 19:02;Société
FS038;Surpêche et pillage des ressources dans les eaux territoriales d’Afrique  : la flotte chinoise en cause ;En septembre 2024 paraissait une étude du think tank marocain Policy Center for the New South — rattaché à l’Université Mohammed VI Polytechnique de Rabat — sur l’épui...;15 mai 2025 - 17:14;Opinions
FS039;La Haute autorité de Santé s’inquiète pour votre cheville… Pas pour les myocardites dont elle tait l’explosion des cas ;"La Haute Autorité de Santé s’inquiète, ""l'entorse de cheville est souvent banalisée par une grande majorité de la population qui méconnaît les risques de récidive et d...";15 mai 2025 - 13:15;Société
FS040;Du blanc aux couleurs, qui dégrade quoi ? ;Les goûts et les couleurs... Le 8 mai, dans le Xe arrondissement de Paris, quatre adolescents ont été surpris en train de repeindre en blanc un escalier arc-en-ciel, e...;15 mai 2025 - 12:55;Société
FS041;France-Soir conteste l’arrêt de la Cour d’appel de Paris en faveur du Monde et envisage un pourvoi en cassation ;Communiqué de presse – France-Soir – 15 mai 2025France-Soir, édité par la société Shopper Union France, prend acte de l’arrêt rendu le 14 mai 2025 par la Cour d’appel ...;15 mai 2025 - 11:14;Société
FS042;Endetté, SFR de Patrick Drahi mis en vente, ses concurrents aux aguets ;Patrick Drahi se débarrasse de SFR. L’opérateur, endetté et affaibli, a été mis à la vente par l’homme d’affaires non moins endetté, président-fondateur d’Altice, qui ...;15 mai 2025 - 09:58;Société
FS043;Le Cirque Macron : un spectacle qui ne convainc plus et ne fait plus recette ;Résumé : le Cirque Macron est de retour ! Un fiasco de trois heures et demie, creux et arrogant, qui creuse la défiance d’un peuple exaspéré. Promettant un référendum ...;14 mai 2025 - 22:00;Opinions
FS044;Persistance de la protéine S1 post-vaccination : une étude relance le débat sur la sécurité des vaccins COVID-19 ;"Une étude publiée le 13 mai 2025 dans Human Vaccines &amp; Immunotherapeutics par Patterson et al. soulève des questions troublantes sur la persistance de la sous-unit...";14 mai 2025 - 21:00;Société
FS045;Uğur Akkuş ambitionne de révolutionner la finance avec un investissement de 20 milliards de dollars dans les cryptomonnaies ;"Dans une annonce qui secoue le monde de la finance, Uğur Akkuş, milliardaire turc et président d’A&amp;S Investment Holding, a révélé un investissement colossal de 20 ...";14 mai 2025 - 20:10;Société
FS046;Le président polonais rencontre George Simion, le candidat nationaliste roumain ;Le chef de l'État polonais sortant Andrzej Duda a accueilli le candidat de la droite nationaliste à la présidence roumaine George Simion, a annoncé le bureau de M. Dud...;14 mai 2025 - 18:03;Politique
FS047;Le fluor sur ordonnance pour les enfants, retiré du marché américain ;L'administration américaine a annoncé mardi qu'elle entamait le retrait du marché des suppléments fluorés ingérables prescrits sur ordonnance aux enfants, une décision...;14 mai 2025 - 15:30;Société
FS048;Pfizergate, quand la transparence ébranle von der Leyen et la Commission européenne ;"La Cour de Justice de l’Union Européenne (CJUE) a rendu ce mercredi 14 mai 2025 une décision majeure dans l’affaire ""Pfizergate"", qui secoue la Commission européenne e...";14 mai 2025 - 13:10;Société
FS049;Aide sociale à l'enfance : Si on arrêtait les raisonnements binaires ? partie II ;Des situations dans lesquelles l’ASE intervient trop tardivement.Quand on reprend en les analysant selon une méthodologie d’arbre des causes utilisée en accidentologie...;14 mai 2025 - 11:43;Opinions
FS050;En Albanie, le Premier ministre sortant donné vainqueur d’un processus législatif critiqué par les observateurs  ;Un pays de plus dans l’UE ? En Albanie, État membre de l’OTAN, les élections législatives se sont tenues dimanche 11 mai 2025. Selon les premiers résultats de lundi, l...;14 mai 2025 - 10:08;Politique
FS051;Microsoft simplifie sa structure. Des milliers de licenciements en vue ;Microsoft dégraisse et va procéder à une nouvelle vague de licenciements, dans le but notamment de simplifier sa structure hiérarchique tentaculaire, a indiqué mardi l...;13 mai 2025 - 22:14;Société
FS052;Sondage exclusif : les Français expriment leur totale défiance envers Macron et plébiscitent le souverainisme. Santé Publique France mis en défaut sur la vaccination. ;Défiance massive envers Macron et l’élite dirigeante : 65 % des Français jugent Emmanuel Macron mauvais président, 56 % ont honte de lui, et 56 % exigent sa démission,...;13 mai 2025 - 17:45;Politique
FS053;Vaccins contre la COVID-19 : une métacritique explosive remet en question les chiffres officiels et ravive le débat sur la science médicale ;Une nouvelle étude publiée dans le Journal of Independent Medicine fait trembler les fondations des narratifs officiels sur l’efficacité des vaccins contre la COVID-19...;13 mai 2025 - 15:45;Société
FS054;Aide sociale à l'enfance : Si on arrêtait les raisonnements binaires ? ;J’ai été inspectrice à l’IGAS pendant trente ans et j’ai contrôlé, inspecté, audité, étudié beaucoup de services et établissements sociaux, avec un intérêt particulier...;13 mai 2025 - 13:30;Opinions
FS055;Polémique autour du comté : entre écologie, tradition et désinformation ;Quand le bon sens disparait au nom de l'écologie... Une polémique autour de l'impact environnemental du comté, l'un des fromages les plus consommés en France, suscite ...;13 mai 2025 - 11:33;Société
FS056;Microsoft interdit l’IA chinoise DeepSeek, à ses employés  ;Microsoft interdit l’intelligence artificielle chinoise DeepSeek à ses employés. Le président de la firme de Redmond, Brad Smith, a confirmé la décision au Sénat améri...;13 mai 2025 - 11:01;Société
FS057;Intégrité scientifique sous examen critique : tensions autour de la Südhof Lab de Stanford, de l’IHU Méditerranée, PubPeer et Elisabeth Bik ;En mai 2025, le laboratoire du prix Nobel Thomas Südhof à Stanford publie un communiqué incisif, défendant la transparence de ses données face à des accusations relayé...;13 mai 2025 - 10:57;Société
FS058;Hup Hup Hup... Barbatruck ! ;Quand le « barde à papa » Emmanuel Macron, porte-voix des élites à la sauce Rothschild, se mue en lecteur clandestin des éditos de France-Soir, qui dézinguent à l’avan...;13 mai 2025 - 10:23;Opinions
FS059;Weight Watchers ne fait plus le poids ;La silhouette historique de Weight Watchers est engloutie par une génération de traitements médicaux anti-obésité et d’applications gratuites qui promettent la minceur...;13 mai 2025 - 08:50;Société
FS060;Trump déclare la guerre aux prix exorbitants des médicaments : une victoire en vue pour les patients américains ? Analyse. ;13 mai 2025 – Le président Donald Trump a signé, le 12 mai 2025, un décret exécutif visant à instaurer une tarification de type « nation la plus favorisée » (Most-Favo...;13 mai 2025 - 08:08;Politique
FS061;La Chine découvre un gisement de 30 millions de tonnes d'uranium ;En avril, la Chine a annoncé la découverte de 30 millions de tonnes d’uranium dans le désert d’Ordos, en Mongolie intérieure. Un tournant stratégique pour Pékin, qui r...;12 mai 2025 - 22:00;Société
FS062;Levothyrox : Merck et l'ANSM mis en examen pour tromperie aggravée ;Mercredi 7 mai, la cour d’appel d’Aix-en-Provence a confirmé la mise en examen des laboratoires Merck et de l’Agence nationale de sécurité du médicament (ANSM) pour tr...;12 mai 2025 - 20:15;Société
FS063;Le devoir de désobéir ;Un système social, aussi défaillant soit-il, subsiste avant tout par la sacralité de certains principes de gouvernance, et en premier lieu celui de respect de la hiéra...;12 mai 2025 - 16:40;Opinions
FS064;Léon XIV soigne son  et demande la libération des journalistes emprisonnés ;"Un pape communicant qui soigne son  avec la presse... Léon XIV a appelé à la libération des journalistes emprisonnés ""pour avoir cherché et raconté la vérité"", à ...";12 mai 2025 - 14:32;Politique
FS065;Les Etats-Unis restreignent à leur tour l'usage du vaccin Valneva contre le Chikungunya ;Les autorités sanitaires américaines ont suspendu l'usage du vaccin anti-chikungunya de chez Valneva, laboratoire de biotechnologie franco-autrichienne, chez les plus ...;12 mai 2025 - 12:04;Société
FS066;Sanofi et Bristol Myers Squibb acceptent de verser 700 millions de dollars à Hawaï pour mettre fin à des poursuites contre le Plavix ;Le feuilleton Plavix prend fin aux États-Unis. Vendredi, les laboratoires américain, Bristol Myers Squibb (BMS) et français, Sanofi, ont conclu un accord avec l’État d...;12 mai 2025 - 10:32;Société
FS067;Euthanasie sans limites : une loi controversée qui soulève des questions éthiques et sociétales ;Résumé : le projet de loi sur l’ « aide à mourir », voté en commission le 2 mai 2025, s’annonce comme une bombe éthique et sociétale. Sous couvert de liberté, il ouvre...;12 mai 2025 - 07:30;Société
FS068;Information warfare : human control, censorship and trust tested by the health crisis analyzed at NATO ;Abstract: In information warfare, where AI and social media amplify narratives and censorship, public trust is faltering. The NATO HFM-377 symposium (2024) proposes fr...;11 mai 2025 - 10:23;Société
FS069;La guerre de l’information : contrôle humain, censure et confiance à l’épreuve de la crise sanitaire analysés à l’OTAN ;Résumé : dans la guerre de l’information, où l’IA et les réseaux sociaux amplifient récits et censure, la confiance publique vacille. Le symposium NATO HFM-377 (2024) ...;11 mai 2025 - 09:15;Société
FS070;Resisting Frameworks : Preserving Freedom, Creativity, and Truth (Part IV) ;Abstract: In a world where normative frameworks—algorithms, institutions, media—weave barbed wire to capture the truth and stifle freedom, a human wave is rising. Crit...;10 mai 2025 - 10:23;Société
FS071;Résister aux frameworks : préserver la liberté, la créativité, et la vérité (partie IV) ;Résumé : dans un monde où des frameworks normatifs – algorithmes, institutions, médias – tissent des fils barbelés pour capturer la vérité et étouffer la liberté, une ...;10 mai 2025 - 10:23;Société
FS072;Saadé se paye la chaîne Chérie 25 ;Quand les milliardaires français élargissent leurs prises de capitaux dans la presse francaise, Saadé le milliardaire propriétaire de CMA Média, (RMC, BFM, La Tribune,...;10 mai 2025 - 10:20;Société
FS073;Les vaccins à ARNm, la fertilité féminine et la baisse de la natalité – Une crise émergente pour la France et le monde ;Une étude récente publiée dans Vaccines (MDPI) intitulée « Impact des vaccins à ARNm et inactivés contre la COVID-19 sur la réserve ovarienne » a révélé des résultats ...;10 mai 2025 - 09:00;Société
FS074;John Ioannidis : une voix critique sur la gestion de la crise COVID-19 et ses implications ;Qui est John Ioannidis ?John Ioannidis est un épidémiologiste de renommée mondiale, professeur de médecine en épidémiologie et santé publique à l’université de Stanfor...;10 mai 2025 - 07:30;Société
FS075;Traqués sans consentement : Google paie 1,375 milliards de dollars pour ses abus sur les données des consommateurs ;Une victoire majeure pour la vie privée des TexansLe 9 mai 2025, le procureur général du Texas, Ken Paxton, a annoncé un règlement historique de 1,375 milliard de doll...;10 mai 2025 - 07:06;Politique
FS076;Sur la Place Rouge, un défilé du 9 mai plus politique que militaire ;Le défilé du 9 mai plus politique que militaire sur la Place Rouge Le sud global scande “Ura” à Moscou A Moscou, les cérémonies du 80e anniversaire de la grande victoi...;09 mai 2025 - 23:29;Politique
FS077;Le 9 mai 2025 à Moscou : une célébration historique sous haute tension géopolitique ;Le 9 mai 2025, la Place Rouge de Moscou a été le théâtre de la parade militaire annuelle célébrant le « Jour de la Victoire », marquant le 80ᵉ anniversaire de la capit...;09 mai 2025 - 18:30;Politique
FS078;Zuckerberg va créer des amis à l'IA pour vaincre l'isolement ;"Lors d’un entretien en avril 2025, Mark Zuckerberg a révélé son ambition de faire débarquer des ""amis virtuels"" alimentés par l’intelligence artificielle sur Facebook ...";09 mai 2025 - 18:25;Société
FS079;Nouvelle-Calédonie : Le système de santé s'effondre face à la violence ;Depuis les émeutes de mai 2024 en Nouvelle-Calédonie, la fuite massive des soignants désorganise un système de santé déjà fragile. À Koné comme à Nouméa, désertificati...;09 mai 2025 - 18:10;Société
FS080;Mise en demeure par France Soir, l'AFP modifie sa dépêche et prend en compte le droit de réponse du général PELLIZZARI ;Le 9 mai 2025, l’Agence France-Presse (AFP) a publié une dépêche révisée corrigeant les inexactitudes de son article du 23 avril 2025 intitulé « Deux anciens généraux ...;09 mai 2025 - 16:00;Politique
FS081;Guerre commerciale : Washington et Pékin annoncent des négociations en Suisse ;Vers la fin de la guerre douanière entre les États-Unis et la Chine ? Ce weekend, Pékin et Washington entameront des négociations en Suisse, dans un contexte de guerre...;09 mai 2025 - 15:10;Société
FS082;La Slovaquie et la Hongrie vent debout contre le plan européen pour mettre fin à l'exploitation du gaz russe d'ici 2027 ;Le plan de la Commission européenne pour se passer entièrement et définitivement du gaz russe ne passe pas en Slovaquie ni en Hongrie. Le plan européen, a martelé le P...;09 mai 2025 - 10:57;Politique
FS083;Modern Uses of Frameworks in Information Management : Redefining Truth and Decision-Making ;Abstract: The third in a series of four, this article dissects how modern frameworks, these tools of organization and influence, manipulate information to shape truths...;09 mai 2025 - 10:23;Société
FS084;Les usages modernes des frameworks dans la gestion de l’information : redéfinir la vérité et la prise de décision ;Résumé : Troisième d’une série de quatre, cet article dissèque comment les frameworks modernes, ces outils d’organisation et d’influence, manipulent l’information pour...;09 mai 2025 - 10:23;Société
FS085;L'Américain Robert Francis Prevost élu pape ;L'Américain Robert Francis Prevost, 69 ans, est devenu jeudi le premier pape originaire des États-Unis sous le nom de Léon XIV, a annoncé le Vatican.Natif de Chicago, ...;09 mai 2025 - 10:01;Société
FS086;L’asservissement des peuples par la dette : un système qui profite à quelques-uns (partie II) ;Les banquiers prospèrent sur notre endettement.Les géants pharmaceutiques tirent profit de nos systèmes de santé surendettés.Les industriels de l’armement s’enrichisse...;09 mai 2025 - 08:20;Opinions
FS087;L’asservissement par la dette – Explication des mécanismes (partie I) ;« Le pouvoir de la finance est un pouvoir de contrôle, et la dette est son arme la plus redoutable. En transformant les actifs des citoyens en instruments de spéculati...;09 mai 2025 - 08:20;Opinions
FS088;When AFP and the media betray their duty to inform : General Pellizzari's right of reply ;On this symbolic day of May 8, 2025, General Paul Pellizzari, driven by his respect for the law, the French people and his opposition to the war sees his honor sullied...;08 mai 2025 - 14:14;Société
FS089;Quand l’AFP et les médias trahissent leur devoir d'informer : le droit de réponse du général Pellizzari ;En ce 8 mai 2025, jour symbolique, le Général Paul Pellizzari, porté par le respect du droit, des Français et son opposition à la guerre via une plainte contre les min...;08 mai 2025 - 14:14;Société
FS090;Maersk : bénéfice net multiplié par 6 au 1T, porté par l'offre de transport maritime ;Les transporteurs de conteneurs se gavent, sur un marché assez peu concurrentiel, où des soupçons et des enquêtes concernant des pratiques anticoncurrentielles impliqu...;08 mai 2025 - 13:21;Société
FS091;"Perrier : Nestlé mis en demeure en France de ""retirer"" son système de microfiltration ";"Les autorités françaises ont mis en demeure mercredi Nestlé Waters, filiale du géant suisse du secteur alimentaire tant décrié ces derniers temps, de ""retirer dans un ...";08 mai 2025 - 11:28;Société
FS092;"The tension between the human and norming or ""normatization"". Preserving Creativity in a World of Frameworks - Part II ";This article is the second part of a series dedicated to the exploration of frameworks, the methodological frameworks that structure our societies, our thoughts and ou...;08 mai 2025 - 10:23;Société
FS093;"La tension entre l’humain et la ""normatisation"". Préserver la créativité dans un monde de frameworks - partie II ";Cet article est le second volet d’une série dédiée à l’exploration des frameworks, ces cadres méthodologiques qui structurent nos sociétés, nos pensées et nos actions....;08 mai 2025 - 10:23;Société
FS094;Etats-Unis : suspension des activités dans un laboratoire de haute sécurité de l’NIH après un grave incident de biosécurité ;Le directeur de l’Institut national de la santé (NIH), le Dr Jay Bhattacharya, a ordonné il y a deux semaines la suspension immédiate de toutes les activités dans un l...;08 mai 2025 - 09:33;Politique
FS095;Les arbres du parvis de la cathédrale de Chartres remplacés par 32 parasols, une pétition lancée ;Plus d'un mois après l'installation de 32 parasols sur le parvis de la cathédrale de Chartres, en remplacement de dix arbres abattus à l'automne, une pétition a été la...;07 mai 2025 - 18:25;Société
FS096;A deux semaines des législatives anticipées, le Portugal prévoit l’expulsion de 18 000 étrangers en situation irrégulière ;La question de limmigration s’invite aussi au Portugal. À l’approche des élections législatives anticipées, prévues le 18 mai prochain, le gouvernement intérimaire a a...;07 mai 2025 - 12:58;Politique
FS097;Réintroduction de pesticides : La loi Duplomb contre médecins et scientifiques ;Biodiversité et santé ont Duplomb dans l'aile. Lundi 6 mai, plus de 1 000 scientifiques, médecins et soignants ont adressé une lettre ouverte aux ministres de la Santé...;07 mai 2025 - 12:33;Société
FS098;Un artiste mis en examen pour un tableau montrant Macron décapité ;Il ne fait pas toujours bon d'être artiste en France.S'il est possible, voire de bon ton, au nom de l'Art, d'exposer des s à tendance sérieusement pédophile, il n...;07 mai 2025 - 11:15;Culture
FS099;Understanding Frameworks : Tools to Structure, Influence and Coordinate – part I ;This article inaugurates a series that will dive into the heart of frameworks, the methodological frameworks that shape the way we think, act and interact in an increa...;07 mai 2025 - 10:23;Société
FS100;Comprendre les frameworks, outils pour structurer, influencer et coordonner- partie I ;Cet article inaugure une série qui plongera au cœur des frameworks, ces cadres méthodologiques qui façonnent notre manière de penser, d’agir et d’interagir dans un mon...;07 mai 2025 - 10:23;Société
FS101;Mayotte après Chido : une crise de négligence et de promesses non tenues ;Résumé : le cyclone Chido, qui a ravagé Mayotte en décembre 2024, a révélé la négligence de la France envers son département le plus pauvre. Le refus d’Emmanuel Macron...;07 mai 2025 - 08:30;Opinions
FS102;Transfert de données : L'Europe inflige une amende de 530 millions à TikTok ;L’Union européenne a infligé 530 millions d’euros d’amende à TikTok pour non-respect de ses obligations en matière de protection des données personnelles. Le verdict e...;06 mai 2025 - 13:10;Société
FS103;Pour 2026, Uber vise les véhicules autonomes ;À l’heure où l’Europe cherche à réguler l’IA et à protéger ses emplois, Uber annonce sans détour qu’elle y déploiera ses robotaxis « sûrs, évolutifs et efficaces » dès...;06 mai 2025 - 13:05;Société
FS104;L’agenda 2030 ;Résumé : l’Agenda 2030 de l’ONU, officiellement dédié au développement durable, est perçu par certains comme un projet de contrôle global orchestré par des élites. Det...;06 mai 2025 - 12:30;Opinions
FS105;Nouvelles de Grande Bretagne : Un pays en glissade accélérée ! ;La Grande Bretagne de Starmer vit une transformation qui l’éloigne chaque jour de son passé de pays exemplaire, libéral et démocratique.Devenu leader du parti ‘labour’...;06 mai 2025 - 12:10;Opinions
FS106;Grogne des patrons de Stellantis et Renault sur le sort de l'industrie européenne ;Ça grogne chez Stellantis et Renault, les patrons pressent l'Union européenne de simplifier en urgence sa réglementation, estimant qu'elle l'empêche de proposer des vo...;06 mai 2025 - 11:50;Société
FS107;Xi Jinping en visite en Russie pour commémorer la chute de l’Allemagne nazie et renforcer les relations sino-russes ;Xi Jinping effectuera une visite officielle en Russie du 7 au 10 mai 2025, a annoncé dimanche le Kremlin. L’occasion pour le président chinois et son homologue russe, ...;06 mai 2025 - 10:24;Politique
FS108;Trump signe un décret interdisant le financement fédéral de la recherche sur le gain de fonction. Implications. ;Ce 6 mai 2025, le président Donald Trump a signé un décret exécutif historique mettant fin à tout financement fédéral pour la recherche sur le gain de fonction (GOF, p...;06 mai 2025 - 08:30;Politique
FS109;Dans le Var, des enseignants en grève après la réinsertion d'élèves harceleurs ;À Saint-Tropez, ce lundi 5 mai, près de 100 enseignants du lycée du Golfe ont cessé les cours pour dénoncer une décision qui les sidère : la réintégration de deux élèv...;05 mai 2025 - 19:25;Société
FS110;Pollution aux PFAS : 11 communes du Haut-Rhin coupées de l’eau du robinet ;Le 5 mai 2025, un arrêté préfectoral a interdit l’eau du robinet aux populations vulnérables dans 11 communes du Haut-Rhin, près de l’aéroport de Bâle-Mulhouse. Une dé...;05 mai 2025 - 19:15;Société
FS111;Présidentielle Roumaine : George Simion triomphe au premier tour dans un contexte de controverses ;Résumé : Le 4 mai 2025, George Simion, leader de l’AUR (Alliance pour l’Unité des Roumains) , a dominé le premier tour de l’élection présidentielle roumaine avec 40,96...;05 mai 2025 - 17:00;Politique
FS112;La fédération anglaise de football s’aligne sur l’arrêt de la Cour suprême et interdit aux femmes transgenres de jouer au football féminin ;Dans le sillage de la décision de la Cour suprême britannique le mois dernier, la fédération anglaise (FA) et écossaise de football (The Scottish FA) ont annoncé jeudi...;05 mai 2025 - 15:46;Politique
FS113;Au Royaume-Uni, l'extrême droite fait sauter un verrou et se voit déjà à Downing Street ;Après son succès lors d'élections locales, le parti anti-immigration Reform UK, derrière son chef Nigel Farage, voit ses ambitions décuplées au Royaume-Uni, où le plaf...;05 mai 2025 - 12:20;Politique
FS114;Présidentielle en Roumanie : Simion s’impose au premier tour avec 40,5 % des voix ;Le candidat a changé, mais la droite souverainiste reste en tête : cinq mois après l'annulation choc du premier tour de la présidentielle, la Roumanie confirme dans un...;05 mai 2025 - 11:30;Politique
FS115;L'Unesco décerne le prix de la liberté de la presse à un journal nicaraguayen ;Le prix mondial de la liberté de la presse de l'Unesco a été décerné samedi à La Prensa, un quotidien historique du Nicaragua dont la rédaction a été contrainte à l'ex...;05 mai 2025 - 09:52;Culture
FS116;Elections in Romania : Critical Electoral Irregularities, Dead People Would Vote. Press Conference by George Simion ;At a press conference held on May 4th 2025, at 1 p.m. in front of the Romanian Senate, George Simion, a major political figure in Romania, addressed the crucial issues...;04 mai 2025 - 15:00;Politique
FS117;Élections en Roumanie : irrégularités électorales critiques, des morts voteraient. Conférence de presse de George Simion ;Lors d'une conférence de presse tenue le 4 mai 2025 à 13 h devant le Sénat roumain, George Simion, figure politique majeure en Roumanie, a abordé les enjeux cruciaux e...;04 mai 2025 - 15:00;Politique
FS118;Élections présidentielles en Roumanie 2025 : un scrutin sous haute tension. George Simion en tête répond à nos questions ;Le 4 mai 2025, la Roumanie organise le premier tour de son élection présidentielle, un scrutin marqué par une crise politique sans précédent et une polarisation extrêm...;03 mai 2025 - 17:08;Politique
FS119;La doyenne de nos casseroles fête ses 100 ans, Le Creuset fait plus que jamais recette ;Grand classique des foyers français, elle fête ses 100 ans, Le Creuset, cette star des réseaux sociaux, vend désormais la grande partie de ses produits à l'étranger, n...;03 mai 2025 - 11:55;Lifestyle
FS120;Aux origines de la folie humaine ;L’omniprésence de la folie, de la perversion et de la violence pose un problème grave à l’humanité et menace la survie de la population restée saine, heureusement enco...;03 mai 2025 - 09:50;Opinions
FS121;Augmentation paradoxale des décès mondiaux liés au COVID-19 avec la couverture vaccinale. Conséquences critiques ;Résumé de l’étudeUne étude intitulée « Augmentation paradoxale du nombre de décès dus à la COVID-19 dans le monde grâce à la couverture vaccinale : estimations de l'Or...;02 mai 2025 - 21:00;Politique
FS122;CBD : Un marché juteux qui échappe à la Santé publique ;En 2025, partout en France, les boutiques de CBD pullulent. Officiellement légales, elles dissimulent pourtant un marché plus trouble qu’il n’y paraît : entre molécule...;02 mai 2025 - 17:25;Société
FS123;Les navires astreints à limiter leurs émissions de soufre en Méditerranée ;À l'heure où l'on pointe du doigt la pollution extravagante des 5 500 porte-conteneurs dans le monde, les navires circulant en mer Méditerranée vont devoir désormais f...;02 mai 2025 - 14:40;Société
FS124;Un tribunal américain inflige une lourde défaite à Apple pour les pratiques anticoncurrentielles de son App Store ;Un lourd (et nouveau) revers pour Apple. Un tribunal fédéral a accusé mercredi la firme de Cupertino de ne pas avoir respecté un verdict datant de 2021, qui opposait l...;02 mai 2025 - 13:20;Société
FS125;Une fraude académique majeure découverte par ScienceGuardians met en évidence de graves violations ;Un piége met au jour des pratiques frauduleusesScienceGuardians, une organisation dédiée à l'autonomisation de la communauté universitaire et à la défense de l'intégri...;02 mai 2025 - 12:00;Société
FS126;Major academic fraud uncovered by ScienceGuardians highlights serious violations ;An Entrapment Operation Exposes Fraudulent PracticesScienceGuardians, an organization dedicated to empowering the academic community and defending academic integrity, ...;02 mai 2025 - 12:00;Société
FS127;En Espagne, le boom des énergies renouvelables accusé d'avoir fragilisé le réseau ;Lundi 28 avril, à 12h33 précises, 60 % de l’électricité espagnole s’est évaporée en cinq secondes. Trains à l’arrêt, feux éteints, écrans noirs, et un pays champion de...;02 mai 2025 - 11:45;Société
FS128;RFK Jr. impressionne sur NewsNation et impose des tests placebo pour les vaccins ;Un leader qui suscite l’admiration et la controverseRobert F. Kennedy Jr., secrétaire à la Santé et aux Services sociaux (HHS) sous l’administration de Donald Trump, a...;02 mai 2025 - 11:30;Politique
FS129;Dans le sillage de Macron, CMA CGM navigue en eaux troubles au Moyen-Orient ;Après l’explosion dévastatrice du port de Beyrouth en août 2020, Rodolphe Saadé, PDG de CMA CGM, géant mondial du transport maritime, s’est positionné comme un acteur ...;02 mai 2025 - 10:00;Société
FS130;The United States in the Trump/RKFjr era, towards a turning point in public health ? Debriefing with epidemiologist Nicolas Hulscher ;Since the return of Donald Trump to the presidency of the United States, accompanied by emblematic figures such as Robert Kennedy and Jay Bhattacharya, the American pu...;02 mai 2025 - 09:00;Vidéos
FS131;Les États-Unis à l'ère Trump/RFKjr, vers un tournant dans la santé publique ? Debriefing avec Nicolas Hulscher épidémiologiste ;Depuis le retour de Donald Trump à la présidence des États-Unis, accompagné de figures emblématiques comme Robert Kennedy et Jay Bhattacharya, le paysage de la santé p...;02 mai 2025 - 09:00;Vidéos
FS132;La Floride criminalise la modification météorologique et la géoingénierie – Contexte scientifique et perspectives internationales ;Le 30 avril 2025, la Floride a adopté le projet de loi SB 56, devenant le premier État américain à criminaliser la modification météorologique et la géoingénierie. Sel...;02 mai 2025 - 08:46;Société
FS133;Le retour inattendu du papier chez les enfants du numérique ;En France, alors que les Millennials et la Gen Z ont grandi les yeux rivés aux écrans, on observe un retour en grâce du papier dans certaines situations. Selon plusieu...;01 mai 2025 - 20:25;Lifestyle
FS134;Compagnons IA : Une ONG alerte quant au danger qu'ils représentent pour les jeunes ;Aux États-Unis, l’ONG Common Sense alerte sur les risques psychologiques des compagnons virtuels dopés à l’intelligence artificielle. Dans une étude publiée le 30 avri...;01 mai 2025 - 20:10;Société
FS135;La séquence de Fibonacci : du titre de Liverpool FC à l’analyse du SARS-CoV-2, une convergence mathématique fascinante ;La séquence de Fibonacci, une suite mathématique où chaque nombre est la somme des deux précédents (0, 1, 1, 2, 3, 5, 8, 13, 21, …), est bien plus qu’un simple concept...;01 mai 2025 - 14:18;Société
FS136;1er mai 2025 : réveillez-vous, citoyens, vous en avez le devoir, vous en avez le pouvoir ! ;« Nos experts, c’est vous. » – Manifeste de France-Soir, 2020.En ce 1er mai 2025, la fête du travail sonne creux. Les travailleurs ploient sous des contrats précaires...;01 mai 2025 - 12:00;Opinions
FS137;Sortir de la virtualité ;Séduction et exhibition. Voici les deux mots qui me viennent pour désigner le malaise social ambiant lié à la virtualisation des rapports humains avec le tout-numériqu...;01 mai 2025 - 10:43;Opinions > Tribunes
FS138;Le ministère de la Justice américain enquête sur les revues médicales, en lien avec les préoccupations de Bhattacharya ;Début avril 2025, une annonce a secoué la communauté scientifique : le ministère de la Justice des États-Unis (DOJ) a lancé une enquête sur certaines des plus grandes ...;01 mai 2025 - 10:30;Politique
FS139;DOGE : vers un État de surveillance totalitaire selon une tribune du New York Times. Analyses et perspectives européennes ;Le New York Times, biais editorial fer de lance anti-Trump ?Le New York Times, bastion du journalisme progressiste, s’est souvent distingué par son opposition farouche...;01 mai 2025 - 10:00;Politique
FS140;Sanofi officialise la vente de sa filiale Opella et son Doliprane à un fonds américain ;Le Doliprane n’est plus français. Le groupe pharmaceutique français Sanofi a annoncé mercredi 30 avril 2025 la vente de sa filiale Opella, qui commercialise des traite...;01 mai 2025 - 09:42;Société
FS141;Hauts-de-France : capitale de la batterie ou mirage industriel européen ? ;"Depuis 2023, quatre ""gigafactories"" de batteries pour véhicules électriques émergent dans les Hauts-de-France. Porté par trois milliards d’euros d’investissements publ...";30 avril 2025 - 20:00;Société
FS142;DeepSeek épinglée par la Corée du Sud pour transfert illégal de données utilisateurs ;Surprise ! Le 24 avril, la Commission sud-coréenne de protection des données (PIPC) a révélé que DeepSeek, concurrente chinoise d'OpenAI, a transféré sans consentement...;30 avril 2025 - 19:45;Société
FS143;Les Français exigent d’être entendus : un sondage choc commandé par le Sénateur Houpert révèle une grave crise de confiance ;Un sondage commandé par le sénateur Alain Houpert (Les Républicains, Côte-d’Or), réalisé par l’institut MIS Group les 17 et 18 avril 2025 auprès de 1000 Français, met ...;30 avril 2025 - 15:00;Politique
FS144;Commerce en ligne : Bercy veut des “mesures concrètes” face à un “afflux de colis” provenant de Chine ;La liberté du commerce menacée ? Le gouvernement français voit d’un mauvais œil le flux en hausse constante de colis en provenance de Chine, dont les commandes ont été...;30 avril 2025 - 13:56;Société
FS145;Santé publique France et les médias : désinformation institutionnelle qui frôle la tromperie ? ;Une communication fallacieuse est-elle orchestrée par Santé publique France ?Le 28 avril 2025, Santé publique France (SPF) publie un communiqué dans le cadre de la Sem...;30 avril 2025 - 12:00;Société
FS146;Mode de scrutin : les ministres LR au pied du mur ... ;Les grandes manœuvres sont engagées.Afin d'avoir une majorité, il faut recourir au scrutin majoritaire. C'était la loi de la Vᵉ République. C'est ainsi qu'elle a fonct...;30 avril 2025 - 11:15;Opinions
FS147;"Toujours plus ! Pour Larcher, il n'est ""pas juste"" que les locataires ne payent pas d'impôts locaux ";"Le président LR du Sénat Gérard Larcher a jugé ""pas juste"" mercredi que ""la fiscalité locale ne repose que sur les propriétaires"" depuis la suppression de la taxe d'ha...";30 avril 2025 - 09:59;Politique
FS148;Une étude en Floride révèle des différences de mortalité entre les vaccins Pfizer et Moderna ;Résumé : Une étude menée en Floride sur 9 162 484 adultes non institutionnalisés a comparé les effets des vaccins Pfizer-BioNTech (BNT162b2) et Moderna (mRNA-1273) sur...;29 avril 2025 - 23:38;Société
FS149;Les Enfants d’Hippocrate : pour un retrait des vaccins ARNm, le soin aux victimes et le pardon collectif ;Dans une conférence de presse bienveillante « Les Enfants d’Hippocrate » nous alertaient ce mardi 29 avril sur les dangers sanitaires des vaccins ARNm, sur la nécessit...;29 avril 2025 - 20:00;Société
FS150;La Chinafrique et l’écocide en cours  : drames sociaux et environnementaux de l’exploitation chinoise en Afrique ;Le 18 février dernier, l’on apprenait que le Kafue, rivière qui traverse la Zambie du nord au sud et fournit de l’eau potable et des revenus (essentiellement liés à la...;29 avril 2025 - 15:00;Opinions
